date,negative_bert,neutral_bert,positive_bert
2021-01-01,0.085274820143729,0.4891806245072946,0.4255445556166812
2021-01-02,0.1433651954599018,0.4390746901511173,0.4175601125824924
2021-01-03,0.1482195578035916,0.4320230456496775,0.4197573980575655
2021-01-04,0.1015581451959462,0.5075257991405888,0.3909160552938499
2021-01-05,0.0885297068775575,0.5174563653892862,0.3940139251488565
2021-01-06,0.097783150007602,0.483208280517594,0.4190085708998
2021-01-07,0.0922312414124835,0.4849707192840406,0.4227980400954822
2021-01-08,0.1155403078342807,0.4507208757558296,0.4337388162146608
2021-01-09,0.0804862881333235,0.4711033742325565,0.4484103338873105
2021-01-10,0.0869470923455408,0.4838892551840157,0.429163653610388
2021-01-11,0.1448720433459524,0.4946474994362408,0.3604804567023907
2021-01-12,0.1039512640337003,0.5140710757517534,0.3819776620801676
2021-01-13,0.1003521924404514,0.5129484255020494,0.3866993823084403
2021-01-14,0.089014535744025,0.5025323430545737,0.4084531212739993
2021-01-15,0.0867688257906406,0.5283604303568395,0.3848707395391235
2021-01-16,0.0987653171324702,0.5271634397981545,0.3740712393081157
2021-01-17,0.1110712703054549,0.4966072610189576,0.3923214700756214
2021-01-18,0.0844221310375771,0.5215394571618375,0.3940384129086385
2021-01-19,0.0874969963259989,0.5132457505445993,0.3992572533345369
2021-01-20,0.0999698029960953,0.5068558514000129,0.3931743466439947
2021-01-21,0.1075877914232804,0.5373036299860097,0.3551085760463555
2021-01-22,0.0797269630032931,0.5221849041660419,0.3980881322558053
2021-01-23,0.0896484537776085,0.5150888988438423,0.3952626443125198
2021-01-24,0.0931648600824638,0.539306508071185,0.3675286358045997
2021-01-25,0.0859067461531556,0.5232896320969748,0.390803619822661
2021-01-26,0.0877804738833461,0.5119437360654087,0.4002757899347379
2021-01-27,0.1151462273230637,0.5193746150854379,0.3654791530600423
2021-01-28,0.0744626873901198,0.4453094520713361,0.4802278599258252
2021-01-29,0.0767499034154859,0.4409385190753994,0.4823115771608679
2021-01-30,0.0993075963011709,0.4582364559974451,0.4424559459092247
2021-01-31,0.0948443199185941,0.4744248901953201,0.4307307908634969
2021-02-01,0.0859875456834057,0.4753387951950514,0.4386736612656031
2021-02-02,0.0885270036775453,0.4793344613883032,0.4321385383897461
2021-02-03,0.0832423286179582,0.4896269477280462,0.4271307215902007
2021-02-04,0.0695542646135257,0.5002408044704175,0.4302049319522956
2021-02-05,0.0906156137812781,0.4826009031395613,0.4267834796113772
2021-02-06,0.1002656464886774,0.4586546251561139,0.4410797320610014
2021-02-07,0.096208612016605,0.446556950062442,0.4572344379326419
2021-02-08,0.1014420178230428,0.4476303613293268,0.4509276213720423
2021-02-09,0.0969028149738929,0.4708249014484013,0.4322722861501617
2021-02-10,0.0738531068514091,0.4865642453908453,0.4395826468933811
2021-02-11,0.1104739560813562,0.4591607279610927,0.4303653159488154
2021-02-12,0.1027293610715232,0.4829063074205531,0.4143643313992339
2021-02-13,0.112064774729876,0.4773315424163664,0.410603681746674
2021-02-14,0.0987114453049937,0.4620405067320516,0.439248046371164
2021-02-15,0.095463186526709,0.5087814191647156,0.3957553954903314
2021-02-16,0.0970200906684111,0.506955543169015,0.3960243649217312
2021-02-17,0.1108893940315514,0.4776671360746323,0.4114434692722186
2021-02-18,0.106852726810821,0.4790342864344417,0.4141129899722119
2021-02-19,0.1156214477137401,0.4770788672448369,0.4072996842617133
2021-02-20,0.1067866161190384,0.4641856883711656,0.429027693217575
2021-02-21,0.1264854950342435,0.4692010272823512,0.4043134764683928
2021-02-22,0.0890112145989138,0.5222857477347358,0.3887030514361478
2021-02-23,0.1164964335004122,0.4869908389229125,0.3965127233445636
2021-02-24,0.0878063018002006,0.5542360172818362,0.357957686188933
2021-02-25,0.0787130410160372,0.5372389254240265,0.3840480304127955
2021-02-26,0.0984682226136589,0.5137071612791314,0.3878246181123801
2021-02-27,0.0928218688301575,0.5018426508488214,0.4053354801081985
2021-02-28,0.1063383532262667,0.529213273200191,0.3644483716802324
2021-03-01,0.0937036085267628,0.523051298626482,0.383245097221871
2021-03-02,0.083243641711293,0.492972460277445,0.4237838979840538
2021-03-03,0.0891735993557165,0.4945741502027236,0.4162522469332658
2021-03-04,0.0770840930340124,0.5062522989680699,0.4166636049348501
2021-03-05,0.0765280749625513,0.5201299813946237,0.4033419425101276
2021-03-06,0.0818036122316904,0.5102065898884758,0.4079897995581196
2021-03-07,0.0968241335950878,0.5122009206064645,0.3909749476633704
2021-03-08,0.0582716586048518,0.538722877030895,0.4030054545106332
2021-03-09,0.0960239204430107,0.4968785952916594,0.4070974855020363
2021-03-10,0.078451304642552,0.5148841038422239,0.4066645940776663
2021-03-11,0.0692224612719542,0.5183132338733877,0.4124643024472705
2021-03-12,0.0816337213569877,0.5086406886522591,0.4097255892168188
2021-03-13,0.1129189310951813,0.4398499182624332,0.4472311519985135
2021-03-14,0.1089711091557624,0.4759141170047637,0.415114769246667
2021-03-15,0.0880997119492608,0.5107176134606468,0.4011826738440735
2021-03-16,0.0885912279075476,0.5197789101252143,0.3916298586794209
2021-03-17,0.0874072200089316,0.5074327643119957,0.4051600161813261
2021-03-18,0.0732989696972566,0.5294934465450457,0.3972075932228303
2021-03-19,0.0393746886640053,0.571019608878668,0.389605704267479
2021-03-20,0.0583241729456984,0.5297588200539946,0.4119170109917999
2021-03-21,0.0961045519220679,0.523414944669747,0.3804805035928622
2021-03-22,0.0627401370797215,0.5368850009725085,0.4003748611949901
2021-03-23,0.0902261391535668,0.540350599031432,0.369423265122754
2021-03-24,0.0625096232982602,0.5465606933303196,0.3909296848120107
2021-03-25,0.0670142506536227,0.5360784432170403,0.3969073023177101
2021-03-26,0.0607566047410678,0.5053160601659145,0.4339273255834195
2021-03-27,0.0624544983077129,0.4866862658739201,0.450859230234125
2021-03-28,0.056256316617259,0.4819114141250578,0.4618322722629408
2021-03-29,0.0614800719824388,0.4994866258785497,0.4390332933119468
2021-03-30,0.0458050508032149,0.5036311075137542,0.4505638295390748
2021-03-31,0.0341119238701271,0.5418650346159583,0.4240230458753573
2021-04-01,0.0594917717880234,0.5549914236858187,0.3855168056527602
2021-04-02,0.057231360023835,0.5220945708960859,0.4206740739374977
2021-04-03,0.0683003115138418,0.5260769808498426,0.4056227081954153
2021-04-04,0.0756074985857555,0.5240248664716213,0.4003676391834491
2021-04-05,0.0446020835742384,0.4653515963230769,0.4900463193153846
2021-04-06,0.0548391404528358,0.5118053597929423,0.4333555001937879
2021-04-07,0.065901510209355,0.5349681916501949,0.3991303015058825
2021-04-08,0.0688940396940921,0.5164973610713264,0.4146086016154871
2021-04-09,0.0782398515457526,0.5110221296104194,0.4107380176512287
2021-04-10,0.087520664692018,0.4895418859392248,0.4229374492394823
2021-04-11,0.0691542721074514,0.497468995411289,0.4333767364877226
2021-04-12,0.0565270243045528,0.5358465586010541,0.4076264155558979
2021-04-13,0.0741358985503473,0.4684224805358505,0.4574416215826059
2021-04-14,0.0661865529050339,0.5057051593424321,0.4281082889364195
2021-04-15,0.0745177883765503,0.4867155322397848,0.4387666805318864
2021-04-16,0.0919200813008685,0.4838027562692349,0.4242771640687086
2021-04-17,0.0631592257389656,0.4766479361466897,0.4601928374761594
2021-04-18,0.0923213461518871,0.4673457781930201,0.4403328782107237
2021-04-19,0.0801433589261174,0.5058308622728739,0.4140257781416228
2021-04-20,0.048497219012403,0.5109224788734155,0.4405803047372558
2021-04-21,0.0842268264197704,0.4911506948157942,0.4246224766036872
2021-04-22,0.0909815682595987,0.4934293540350095,0.4155890811114867
2021-04-23,0.0910084372157172,0.5027955260945632,0.4061960355557182
2021-04-24,0.0853508328410753,0.4909201239172651,0.4237290421613429
2021-04-25,0.0909763159920292,0.4807144656275046,0.4283092179746067
2021-04-26,0.0730866204285845,0.4817838208302611,0.4451295623872206
2021-04-27,0.0825053330736625,0.4762944165261003,0.4412002489981421
2021-04-28,0.0689072760715772,0.4840550120271169,0.447037712171522
2021-04-29,0.0712529855858444,0.5052652538476791,0.4234817571668631
2021-04-30,0.0533968260956619,0.5101091683078876,0.4364940075246228
2021-05-01,0.0715939945858773,0.4583033042478788,0.470102701689495
2021-05-02,0.0642217297390694,0.4954122634216443,0.4403660064309496
2021-05-03,0.0737923842245696,0.4695070831129017,0.4567005330893862
2021-05-04,0.0543831953016859,0.4957090741133751,0.449907734203288
2021-05-05,0.069835114246986,0.4783650133242989,0.4517998712695836
2021-05-06,0.0589525319450529,0.4889500237650061,0.4520974443128807
2021-05-07,0.0683629547301438,0.4893203617543474,0.4423166833412236
2021-05-08,0.0698074310395703,0.4749162057524521,0.4552763632827011
2021-05-09,0.0561398137602213,0.4695518155289255,0.4743083658490238
2021-05-10,0.0653239968357429,0.4628190134811962,0.4718569882278405
2021-05-11,0.0819695708516564,0.4886709808304779,0.4293594464057507
2021-05-12,0.0779160899299745,0.4554666369205711,0.4666172726900316
2021-05-13,0.1237251355297171,0.4501894388995537,0.4260854268251098
2021-05-14,0.0910012811213105,0.4697363710053073,0.4392623473755946
2021-05-15,0.0588546647949042,0.4967177748566696,0.4444275632576089
2021-05-16,0.0993870685309108,0.4540252983573024,0.4465876340815398
2021-05-17,0.0988908712611931,0.4657348353723039,0.4353742952613196
2021-05-18,0.0864499467416641,0.4622100140864628,0.4513400378144811
2021-05-19,0.1286051229013437,0.4531766073974366,0.4182182708547681
2021-05-20,0.0946661704914149,0.4746621215027759,0.4306717060319476
2021-05-21,0.1154306095551188,0.4673832449454149,0.4171861447035049
2021-05-22,0.0699776406327338,0.4572294639763153,0.4727928946668697
2021-05-23,0.0852402372836067,0.47316990318731,0.4415898597723636
2021-05-24,0.0903025660520075,0.4697276459978083,0.4399697902001956
2021-05-25,0.0938063467537906,0.5008615789584602,0.4053320766207873
2021-05-26,0.0770558685079173,0.4879951452785462,0.434948989371372
2021-05-27,0.0777542105713174,0.4975004882210039,0.4247452995544606
2021-05-28,0.087859034192949,0.4970773857734693,0.4150635786466721
2021-05-29,0.0858632089452869,0.4723355533475279,0.4418012399644911
2021-05-30,0.0760779072653912,0.4750696868689439,0.4488524027801228
2021-05-31,0.0744515242046566,0.493330786982866,0.4322176872940382
2021-06-01,0.0771743266235838,0.4853583383096553,0.437467331091202
2021-06-02,0.0813495041370069,0.4832791611190314,0.4353713349186972
2021-06-03,0.0702056403747252,0.4860329647075549,0.4437613955012061
2021-06-04,0.1238660627067262,0.4620261235148784,0.4141078150990987
2021-06-05,0.0883478192236758,0.4638929140120472,0.4477592668316334
2021-06-06,0.0831669237478644,0.4711781700478825,0.4456549067953534
2021-06-07,0.1032108178873405,0.4616106195728602,0.4351785621740522
2021-06-08,0.0915825295050854,0.4899330759668894,0.4184843943978933
2021-06-09,0.0620008546878881,0.4654159533227291,0.4725831895319074
2021-06-10,0.0700424400713095,0.4917122852653186,0.4382452733343814
2021-06-11,0.0761873038396831,0.4849580845879283,0.4388546099418431
2021-06-12,0.1030924951676887,0.4580306105981633,0.4388768974829833
2021-06-13,0.0838532889185463,0.4658576776773406,0.4502890333148343
2021-06-14,0.0718640502550085,0.4876462298243262,0.4404897202430879
2021-06-15,0.0617430326249875,0.4861612261883509,0.4520957406637165
2021-06-16,0.0723233071349289,0.4950442822843124,0.432632411733828
2021-06-17,0.086188556097168,0.4857125924617003,0.4280988497043638
2021-06-18,0.088538536288347,0.5034471079375882,0.4080143548646216
2021-06-19,0.0778346968908466,0.4768344700203268,0.4453308346028898
2021-06-20,0.090676713713352,0.4776975584420332,0.4316257315573857
2021-06-21,0.1104731814363351,0.4800275557019897,0.409499259503001
2021-06-22,0.0901429552585719,0.5013348256350262,0.4085222235081432
2021-06-23,0.0798043796460224,0.4981356200794097,0.4220600012759168
2021-06-24,0.072412155524856,0.5061374106783759,0.4214504312337542
2021-06-25,0.0834214233069041,0.5021622115016129,0.4144163659242396
2021-06-26,0.1027442773303293,0.4914523386430736,0.4058033820645721
2021-06-27,0.0831936255634457,0.4927577228031802,0.4240486533307786
2021-06-28,0.0640055415428064,0.5051866464730033,0.430807813655286
2021-06-29,0.0804696463746404,0.4822427830514981,0.4372875670525295
2021-06-30,0.0694188457158359,0.5036670838728249,0.4269140680170151
2021-07-01,0.0809083780427367,0.5028378062189619,0.416253817451272
2021-07-02,0.0658844156538107,0.5084260889494276,0.4256894975796445
2021-07-03,0.0747031742732379,0.4847303358514436,0.440566491087957
2021-07-04,0.090463848294766,0.4830973208382552,0.4264388325028583
2021-07-05,0.0755591375517987,0.5191872172366186,0.4052536421426338
2021-07-06,0.0614246643342861,0.5032948975269135,0.4352804376753748
2021-07-07,0.0528712517052569,0.4852543678337435,0.4618743851337372
2021-07-08,0.0630850529680426,0.524048144849552,0.4128668044544348
2021-07-09,0.0664911004603566,0.5133016004214896,0.4202072981114838
2021-07-10,0.0676609723861516,0.5211787174740311,0.4111603119931418
2021-07-11,0.0666457158773342,0.5142914391767439,0.4190628456275582
2021-07-12,0.0597860886256108,0.5508504634979157,0.3893634471455549
2021-07-13,0.0484434981897256,0.5884857197518979,0.3630707821306349
2021-07-14,0.0736325304510492,0.5189645607088859,0.4074029069599197
2021-07-15,0.0670279068733564,0.5277028645283789,0.4052692313984408
2021-07-16,0.0855515612972084,0.5269802270228173,0.3874682117035666
2021-07-17,0.0995890969150679,0.5089995184392607,0.3914113837334727
2021-07-18,0.0668227055954109,0.5111459038525811,0.4220313905036293
2021-07-19,0.1099133086918792,0.5125498768699123,0.3775368163097576
2021-07-20,0.0831953347021495,0.5097639220170879,0.4070407431633322
2021-07-21,0.0655316114988096,0.5130501288242089,0.4214182613180073
2021-07-22,0.070602146351508,0.5244597375239274,0.4049381139691928
2021-07-23,0.0846762427965555,0.5241845530181477,0.39113920299036
2021-07-24,0.0733574846834551,0.5214944342277469,0.4051480774919231
2021-07-25,0.0738537693804105,0.5197026606285812,0.4064435670538981
2021-07-26,0.0928702374609499,0.5012390213300496,0.4058907405372179
2021-07-27,0.0662712667823128,0.5381208472128859,0.3956078896754323
2021-07-28,0.0801303397370411,0.5171284129034176,0.4027412441434428
2021-07-29,0.0664795441043711,0.5338986491451562,0.3996218092744901
2021-07-30,0.0474259557615504,0.5562400374344407,0.3963340056059232
2021-07-31,0.0604987447264586,0.5196879003789453,0.4198133551696836
2021-08-01,0.0483970711582265,0.5154887979914001,0.4361141313670504
2021-08-02,0.0419509594032341,0.544651424059791,0.4133976140656812
2021-08-03,0.0649392073834232,0.5272092716858097,0.4078515192794015
2021-08-04,0.0552203085671678,0.5408032299197791,0.4039764607925077
2021-08-05,0.0532836218068611,0.5498640214559061,0.3968523582718501
2021-08-06,0.0627597132160002,0.5220863105356841,0.4151539775395267
2021-08-07,0.0441658586323843,0.5254299085128283,0.4304042329135678
2021-08-08,0.0764317347364815,0.5054579124347433,0.4181103501919956
2021-08-09,0.0502693824876826,0.5260758863256506,0.4236547325453365
2021-08-10,0.0564200701241165,0.5192053839539773,0.4243745410232704
2021-08-11,0.0654238965701019,0.5156263231767264,0.4189497825497121
2021-08-12,0.0728718453999271,0.5367251709140155,0.3904029869234346
2021-08-13,0.0686066164122764,0.5209044251168182,0.4104889556092089
2021-08-14,0.0697453797436074,0.4980692693330877,0.432185351189548
2021-08-15,0.0723834517017495,0.5015712925023235,0.4260452587836214
2021-08-16,0.0430044144292322,0.5452695979678596,0.4117259851864954
2021-08-17,0.0640091916874312,0.548106146068495,0.3878846625523434
2021-08-18,0.0479982448019163,0.5375024698066996,0.414499285898887
2021-08-19,0.0817348274431707,0.530810316937437,0.3874548552133073
2021-08-20,0.0650021151469918,0.4880690678286125,0.4469288168068017
2021-08-21,0.0598561177604475,0.5309704550078261,0.409173432145504
2021-08-22,0.0656741432640653,0.5215905753749158,0.412735279203807
2021-08-23,0.0755593792660837,0.5190198640999174,0.4054207593741267
2021-08-24,0.0682883076234588,0.546037500141407,0.3856741950674588
2021-08-25,0.0578102937541103,0.5323264093125862,0.4098632956682201
2021-08-26,0.0790850271211716,0.5143803284485758,0.4065346442711319
2021-08-27,0.0544537360247539,0.5127385714678001,0.432807690083886
2021-08-28,0.0479591378958236,0.5144533653713055,0.437587499708241
2021-08-29,0.0615722650040274,0.486053854944342,0.4523738810310123
2021-08-30,0.0593419258422342,0.5513188591579369,0.3893392162699036
2021-08-31,0.059057337303569,0.5261178656546438,0.4148247974405909
2021-09-01,0.063949575105445,0.5066754244198035,0.4293750018051698
2021-09-02,0.064042875503949,0.4986899088159353,0.4372672157083982
2021-09-03,0.0685716476940314,0.4979965109590287,0.4334318453113099
2021-09-04,0.0621555552457851,0.4991044951631311,0.4387399517782263
2021-09-05,0.0517793089635153,0.5266941150627927,0.421526576028103
2021-09-06,0.0654041806008428,0.4995608629796391,0.435034956368777
2021-09-07,0.0845539839239034,0.4782870056926371,0.4371590115775965
2021-09-08,0.0658246109769535,0.505700599100735,0.4284747898815003
2021-09-09,0.0710929152778158,0.5161051073637103,0.4128019782055397
2021-09-10,0.0594605463290261,0.5377843784418802,0.4027550754002579
2021-09-11,0.0608223559262789,0.507581192415652,0.4315964501228457
2021-09-12,0.0465758314683195,0.5200741503632794,0.4333500170984805
2021-09-13,0.0909398673160463,0.4967946575584976,0.4122654764215666
2021-09-14,0.0666090864446121,0.525575589737116,0.4078153267780584
2021-09-15,0.0735461137071913,0.5133706316367879,0.4130832546001791
2021-09-16,0.0651314942199002,0.5134390747080312,0.421429432658563
2021-09-17,0.0720434684087797,0.5346185168447478,0.3933380166823378
2021-09-18,0.069288356755634,0.5084759655539942,0.4222356779152692
2021-09-19,0.0667261317205445,0.5308450914458173,0.4024287743465671
2021-09-20,0.0703066289682047,0.5080790267361758,0.4216143473009546
2021-09-21,0.0863215338994355,0.5216464461723819,0.3920320193111777
2021-09-22,0.0487483575706136,0.5288323755004867,0.4224192700792184
2021-09-23,0.0597034435269762,0.5008001571720582,0.43949639597299
2021-09-24,0.0776557554762344,0.5058116175409978,0.4165326237528071
2021-09-25,0.0580416310461667,0.5199868193100775,0.4219715491143152
2021-09-26,0.0626233877983612,0.5175467502225551,0.4198298639067898
2021-09-27,0.0636873697777638,0.5361959088908643,0.40011672140117
2021-09-28,0.08503397242943,0.5193063305321852,0.3956596959390077
2021-09-29,0.0736283946953545,0.5094220888922854,0.4169495178961466
2021-09-30,0.0601747276568077,0.5109409464049807,0.428884325310872
2021-10-01,0.0701741948573708,0.4986684850318874,0.4311573176275165
2021-10-02,0.0559445095426818,0.4942291181594687,0.449826373149886
2021-10-03,0.0554213199128582,0.5149068234978742,0.4296718559293649
2021-10-04,0.065089105563687,0.4988632080138397,0.43604768838935
2021-10-05,0.0856115485590905,0.4747441534375225,0.4396443002035772
2021-10-06,0.0835533785645635,0.4601733970617783,0.4562732245294249
2021-10-07,0.0525743382891121,0.5116491817940688,0.4357764792122097
2021-10-08,0.0703886321892039,0.4878317131377234,0.4417796549024451
2021-10-09,0.0470038855928819,0.5270932490102672,0.4259028637910276
2021-10-10,0.0753772104926023,0.5194801973173142,0.4051425901138821
2021-10-11,0.067745822123765,0.4892254800110824,0.4430286969095684
2021-10-12,0.0599133389328966,0.518481417197808,0.4216052468687721
2021-10-13,0.0567374259958269,0.5198791019854808,0.42338347200404
2021-10-14,0.0695230804581473,0.4969887200060536,0.4334882005481223
2021-10-15,0.1152370795905873,0.4460313515247105,0.4387315689734492
2021-10-16,0.0657342329810993,0.4843567486642464,0.449909019021377
2021-10-17,0.0831923082663352,0.5021021296808127,0.4147055604167966
2021-10-18,0.0812156365034014,0.5019054842754634,0.4168788796132179
2021-10-19,0.0748696567787994,0.4982364658829268,0.4268938778227278
2021-10-20,0.085752320389946,0.4616339295507119,0.4526137515583382
2021-10-21,0.063940711598239,0.5319546572668944,0.4041046321902559
2021-10-22,0.0747494979042401,0.5330188591881585,0.3922316441404889
2021-10-23,0.0669645294198407,0.5125105854178384,0.4205248880739667
2021-10-24,0.0636416710429761,0.5077834154730264,0.4285749123614619
2021-10-25,0.0693547548634781,0.496094296735978,0.4345509503062209
2021-10-26,0.0710655195818577,0.5212665759965044,0.4076679066684852
2021-10-27,0.0734429369620647,0.5042901475397041,0.4222669192200177
2021-10-28,0.0675805501662513,0.5103758804093985,0.4220435695971852
2021-10-29,0.0613020672250719,0.4962325785820977,0.4424653536053975
2021-10-30,0.0600606831763163,0.5243301590508659,0.4156091581990139
2021-10-31,0.0648342551984922,0.4955251350238384,0.4396406086195152
2021-11-01,0.0571944221219891,0.5088126349803955,0.4339929408240264
2021-11-02,0.0559938693630692,0.5069481570100122,0.4370579694741455
2021-11-03,0.0579707391375074,0.5196992222836828,0.4223300394957549
2021-11-04,0.0628720569686968,0.5075389022205273,0.4295890411032839
2021-11-05,0.0669444128573998,0.5065531444844251,0.4265024442141777
2021-11-06,0.065365715677139,0.5038639489321953,0.430770333722098
2021-11-07,0.047575064964109,0.506778106763302,0.4456468277513054
2021-11-08,0.0733090543314909,0.4927095823878032,0.4339813628300963
2021-11-09,0.0589985070411322,0.4951859290652078,0.445815564895396
2021-11-10,0.1016164496681546,0.4553097544372904,0.4430737971079426
2021-11-11,0.0718355552876961,0.5152591845271907,0.4129052606154748
2021-11-12,0.0765274164928509,0.4928386675115763,0.4306339181616983
2021-11-13,0.0569704362905773,0.5114470398645979,0.4315825297509885
2021-11-14,0.0487248393063311,0.4872026321196943,0.4640725289394938
2021-11-15,0.0742475905987006,0.4921494721170974,0.4336029335758305
2021-11-16,0.0839071052940955,0.504252684931367,0.4118402112341657
2021-11-17,0.085400237472735,0.5068335861576267,0.4077661723325631
2021-11-18,0.0743535089251757,0.5268100526340919,0.3988364400027206
2021-11-19,0.0871668687509411,0.5087482089200872,0.4040849207222755
2021-11-20,0.0628496751193413,0.5176859242195104,0.4194643975647105
2021-11-21,0.0686911678538322,0.5173108168552085,0.4139980184664472
2021-11-22,0.0568830783134158,0.5403983470957672,0.4027185776920109
2021-11-23,0.0594385200404581,0.5091680357634353,0.4313934419760907
2021-11-24,0.0657220456345013,0.524770067079654,0.4095078856371579
2021-11-25,0.0486752842490346,0.4899083455359268,0.4614163722353039
2021-11-26,0.0579170248100397,0.496278400169095,0.4458045751672522
2021-11-27,0.06412915904367,0.4939321298433621,0.4419387087053208
2021-11-28,0.0838857471901108,0.4937618541701167,0.4223524008322156
2021-11-29,0.0588379641885761,0.5155308909370432,0.4256311459368815
2021-11-30,0.0727361369672033,0.5282254698388802,0.3990383968085647
2021-12-01,0.0576721853275281,0.5290410110631689,0.4132868072152066
2021-12-02,0.0516089884256929,0.5190460970702641,0.4293449150018422
2021-12-03,0.0797747601299277,0.5141481097661013,0.4060771274879554
2021-12-04,0.1040087299023931,0.4667610575417384,0.4292302108312529
2021-12-05,0.062633113120736,0.5059425186228275,0.4314243652178822
2021-12-06,0.0816491268577244,0.4791920099095781,0.4391588633199957
2021-12-07,0.0926036061792373,0.5348278795225027,0.3725685144540846
2021-12-08,0.0857005732948745,0.5447586151614142,0.3695408087796163
2021-12-09,0.1149489875381772,0.5272897949043623,0.3577612205835909
2021-12-10,0.1079485418765223,0.5095954012408469,0.3824560573202324
2021-12-11,0.0992129123919125,0.5180267858777875,0.3827603022148562
2021-12-12,0.086020157819587,0.546511812755987,0.3674680298821181
2021-12-13,0.109032493048661,0.5517105226298296,0.339256988202944
2021-12-14,0.1064072382751298,0.5188987502625765,0.3746940119442898
2021-12-15,0.09591843960888,0.5383290478051691,0.3657525112595792
2021-12-16,0.0916167083977284,0.542720342598034,0.3656629461001515
2021-12-17,0.1101925610251888,0.5257622219232915,0.3640452163143522
2021-12-18,0.100000802263648,0.5518679436297163,0.3481312543851261
2021-12-19,0.0854365035974319,0.550888855482353,0.3636746384574306
2021-12-20,0.1172480271491325,0.5288714586347542,0.3538805142830035
2021-12-21,0.1127713667276723,0.5136354635249818,0.3735931697666303
2021-12-22,0.0831193327601564,0.5550896614503876,0.3617910059558605
2021-12-23,0.0918940838919361,0.528116040765327,0.3799898704593283
2021-12-24,0.0766800840360058,0.5546173341642521,0.3687025827009822
2021-12-25,0.0895623866498424,0.5096588888645496,0.4007787231610964
2021-12-26,0.0948737728018015,0.5355730256580628,0.3695532008751083
2021-12-27,0.0735820125612969,0.5427664105873049,0.3836515779389526
2021-12-28,0.118304838919244,0.522427579524448,0.3592675806611425
2021-12-29,0.1058827312231346,0.5147585118052619,0.3793587581583744
2021-12-30,0.1286215289444663,0.5041131141972138,0.3672653613732786
2021-12-31,0.1147867033343139,0.5078293196067359,0.377383979952044
2022-01-01,0.1093904494351881,0.5058220960091374,0.3847874546604635
2022-01-02,0.1023823304685885,0.5251805308162328,0.37243713614443
2022-01-03,0.0914488709989133,0.5019780583794818,0.4065730716886982
2022-01-04,0.0980323855811533,0.5151093344168105,0.3868582766494266
2022-01-05,0.1252066787265764,0.5124258385157346,0.3623674815847624
2022-01-06,0.1280740302556486,0.5172590812414931,0.3546668881665986
2022-01-07,0.1335590558552623,0.4855023173225841,0.3809386269577161
2022-01-08,0.1201590891127751,0.5082272098273526,0.3716137022551395
2022-01-09,0.125982724794673,0.5108138285237899,0.36320344946069
2022-01-10,0.1232330498484471,0.5292088051411376,0.347558148049059
2022-01-11,0.0882858450660721,0.5243305757456028,0.3873835820778481
2022-01-12,0.0815181856574469,0.498298603370765,0.4201832061685722
2022-01-13,0.0877005990999,0.5348109912386492,0.3774884072470036
2022-01-14,0.0820059154638086,0.5515739762903672,0.3664201079158423
2022-01-15,0.0821705002971348,0.5476547365956023,0.3701747636394204
2022-01-16,0.084572314582149,0.5443441970494566,0.3710834858157087
2022-01-17,0.1092502587979359,0.5228740000595753,0.367875738881404
2022-01-18,0.0968937230095136,0.5246280080817068,0.3784782701744087
2022-01-19,0.1019598899602983,0.5398305281730106,0.358209579875035
2022-01-20,0.1118411472728962,0.5113107774663984,0.3768480771104949
2022-01-21,0.1683763741360731,0.4877699267259339,0.3438536988708427
2022-01-22,0.130809491095705,0.4874282640974723,0.3817622413165447
2022-01-23,0.1236216533817907,0.5279807573234317,0.348397591355102
2022-01-24,0.1288474065044655,0.5012191515423013,0.3699334422084606
2022-01-25,0.1176489590069057,0.5182387868983379,0.3641122565073362
2022-01-26,0.1206868490008293,0.5034775885173587,0.3758355611137403
2022-01-27,0.1041059635674749,0.5107703318330237,0.385123709426944
2022-01-28,0.1022568861253814,0.5061938298305632,0.3915492842177137
2022-01-29,0.1010933471404772,0.5274263709556891,0.3714802803495997
2022-01-30,0.0979021937147553,0.5136821917873902,0.3884156100247933
2022-01-31,0.097021178271965,0.5356197173335441,0.3673591041084078
2022-02-01,0.101702809184213,0.5289635437821566,0.3693336471597002
2022-02-02,0.114052222811124,0.5215320775979161,0.3644157014573339
2022-02-03,0.0961261747645494,0.5493695058841487,0.3545043190002055
2022-02-04,0.1008397006223093,0.5194668448420351,0.3796934550708832
2022-02-05,0.0965645304433931,0.5170094990451798,0.3864259717654776
2022-02-06,0.0748601257598597,0.5290320909840095,0.3961077801310131
2022-02-07,0.0951379618196468,0.513204111798819,0.3916579236887407
2022-02-08,0.0844507309172316,0.5195673361493323,0.3959819323109493
2022-02-09,0.0974910583789447,0.5195982917389912,0.3829106526735923
2022-02-10,0.1232797613514839,0.5095079550038933,0.3672122831373369
2022-02-11,0.0973396662048276,0.5041006616143524,0.3985596709177201
2022-02-12,0.0951635489638144,0.5651144121672753,0.3397220337239837
2022-02-13,0.0863002838570534,0.5319258135705335,0.3817739046888362
2022-02-14,0.0819694413922323,0.532864508897903,0.3851660493755097
2022-02-15,0.0592246943152101,0.5416537065151515,0.3991215974532949
2022-02-16,0.0941610082434253,0.5432755433373792,0.3625634514833845
2022-02-17,0.1267175619408918,0.5038813761327929,0.369401061949776
2022-02-18,0.09452358232944,0.5614429854022829,0.3440334330046579
2022-02-19,0.0802140199233829,0.5469918843834761,0.3727940976588479
2022-02-20,0.1281853471967859,0.5199976238256114,0.3518170277356847
2022-02-21,0.1568081387527201,0.5024138748906579,0.3407779860401856
2022-02-22,0.1148361032336886,0.520917501346832,0.3642463965016957
2022-02-23,0.066124578494467,0.5432940080011109,0.3905814149193299
2022-02-24,0.1347560113713928,0.5087183403444916,0.3565256474352961
2022-02-25,0.0783470282735954,0.5451792469423611,0.3764737207239583
2022-02-26,0.1118276224699864,0.5381807395193103,0.3499916386336935
2022-02-27,0.106397574546275,0.5377405897010764,0.3558618331826359
2022-02-28,0.0815654885149133,0.5395419405875468,0.378892568986229
2022-03-01,0.1066222133897048,0.5314811871832016,0.3618965979887787
2022-03-02,0.0725900466500242,0.5393024064741488,0.3881075469410928
2022-03-03,0.0911402524371323,0.5219549354968932,0.3869048150404576
2022-03-04,0.0828108721664687,0.5389395459309246,0.3782495807900537
2022-03-05,0.0969912635642508,0.518953777030677,0.3840549616347064
2022-03-06,0.088408770102838,0.5253641299145405,0.3862270993205792
2022-03-07,0.0828718873472733,0.5588303159796523,0.3582977938148233
2022-03-08,0.0656613563363206,0.5542735500026972,0.3800650927459068
2022-03-09,0.0928351078636067,0.5140880019377795,0.3930768906112598
2022-03-10,0.118145512530001,0.5155776918574694,0.3662767939681927
2022-03-11,0.0783447713663561,0.5445930892506811,0.3770621397969083
2022-03-12,0.0932056465784097,0.5465961772293411,0.3601981797873724
2022-03-13,0.0865357681481991,0.5414443791482539,0.3720198510514391
2022-03-14,0.0898133176705923,0.5616030490771675,0.3485836335326282
2022-03-15,0.0726907199443273,0.5358508565350617,0.3914584265031564
2022-03-16,0.0857878448593801,0.5266999946830544,0.3875121589135775
2022-03-17,0.0747393157153448,0.5494035603716433,0.3758571197609844
2022-03-18,0.0946866853452989,0.5394145905005431,0.3658987270746936
2022-03-19,0.0793184567501289,0.5571521007706721,0.36352944213765
2022-03-20,0.0653013212675963,0.5647955720805303,0.369903103760496
2022-03-21,0.0737051486114497,0.5624370306311224,0.3638578202456677
2022-03-22,0.0640903834472775,0.5721051426300432,0.3638044735732531
2022-03-23,0.0681442344582104,0.552886731257323,0.3789690333895272
2022-03-24,0.0808363292398213,0.5496751932569889,0.3694884753597239
2022-03-25,0.0832646126328579,0.5408286262194235,0.3759067606228429
2022-03-26,0.0729294976754157,0.5854074528145934,0.3416630492976565
2022-03-27,0.0823319137834806,0.5719747701900183,0.345693320862424
2022-03-28,0.1018589026027451,0.5195636056793081,0.3785774936028789
2022-03-29,0.0928361394252648,0.5125380427692985,0.3946258186474982
2022-03-30,0.0705136229917935,0.5628745585260883,0.3666118184056302
2022-03-31,0.1049662596708294,0.5565799065483226,0.3384538314031737
2022-04-01,0.0687939168323482,0.5740489082962301,0.3571571731827327
2022-04-02,0.0729828134246068,0.5622388116613473,0.3647783750777098
2022-04-03,0.0696079318424274,0.5852058320553889,0.3451862373860299
2022-04-04,0.0593221371822085,0.5723676219840877,0.3683102421995536
2022-04-05,0.0682465097315738,0.5841786442096001,0.3475748479880525
2022-04-06,0.086785574150587,0.5705344572175773,0.3426799684548848
2022-04-07,0.054460822446218,0.5797830736237178,0.3657561062650312
2022-04-08,0.0628211758861273,0.5907777429872355,0.3464010804974947
2022-04-09,0.0742667842307248,0.558037813813811,0.367695402672084
2022-04-10,0.0922204564738108,0.5395784320339999,0.3682011136579564
2022-04-11,0.1033698613562037,0.5539168084989412,0.3427133284213053
2022-04-12,0.0951187481761216,0.5602063205099632,0.3446749305212623
2022-04-13,0.0665245685766956,0.5596761850618184,0.3737992481580772
2022-04-14,0.0809373740382994,0.5517687831418968,0.3672938439018172
2022-04-15,0.0673641931109381,0.5883214587367785,0.3443143467708318
2022-04-16,0.0748680512498594,0.5755681054199021,0.3495638432920307
2022-04-17,0.081360708808534,0.5666321102025381,0.3520071796751176
2022-04-18,0.0855718848993646,0.5762999763609837,0.3381281375583655
2022-04-19,0.0687302067306857,0.5649534271592956,0.3663163666655886
2022-04-20,0.0637564932371679,0.5819345866103824,0.3543089208239435
2022-04-21,0.0770906842555079,0.5817545152700849,0.3411547985995502
2022-04-22,0.0699474294888823,0.5955811198071207,0.3344714518340852
2022-04-23,0.0502339560292101,0.5953113022887875,0.3544547410107605
2022-04-24,0.0717712029173537,0.5756641799551404,0.3525646141751088
2022-04-25,0.081820474921372,0.5505914144819316,0.3675881114205467
2022-04-26,0.0721492071195832,0.5571277393359623,0.3707230555809309
2022-04-27,0.0726103284488247,0.5435981038830835,0.3837915685538833
2022-04-28,0.0813804049825597,0.5518884462853099,0.3667311469269181
2022-04-29,0.0668008910004816,0.5626252362040907,0.3705738733766741
2022-04-30,0.0770722959849652,0.5562107615448078,0.366716943653778
2022-05-01,0.0805028294463953,0.5373646753388411,0.3821324967991676
2022-05-02,0.0764018663735457,0.5472833194956831,0.3763148154561465
2022-05-03,0.0672390610701023,0.5686710775484195,0.3640898614862018
2022-05-04,0.0799498673284606,0.5626472662308863,0.3574028672425482
2022-05-05,0.0915903027435632,0.547441489276962,0.3609682069768696
2022-05-06,0.0924247743456986,0.5502013113683112,0.3573739112315676
2022-05-07,0.0896678308896452,0.5180198538152038,0.3923123168038496
2022-05-08,0.1502439126586706,0.5162742844221403,0.3334817997157579
2022-05-09,0.1275461897675496,0.5338332992958249,0.3386205113978474
2022-05-10,0.1003154414517268,0.5525162921998032,0.3471682685748378
2022-05-11,0.1295615490233027,0.518426955113027,0.3520114957669931
2022-05-12,0.1442062649583202,0.5024344015839449,0.3533593323059885
2022-05-13,0.1107422864657989,0.5327207950840624,0.3565369206221787
2022-05-14,0.0848463231742734,0.5381631935160133,0.3769904833541099
2022-05-15,0.0851769210927144,0.5396197960510936,0.3752032828010237
2022-05-16,0.0889988348850803,0.5432612673838535,0.367739898610009
2022-05-17,0.1108260349141547,0.5446768364715359,0.3444971291399425
2022-05-18,0.1055980961539767,0.5345166372994944,0.3598852646984973
2022-05-19,0.0888316836269999,0.5452335758689321,0.3659347412213836
2022-05-20,0.0927925860345724,0.5430108213825652,0.3641965917445912
2022-05-21,0.0995774549728703,0.5230777321682094,0.3773448142295875
2022-05-22,0.0876007727143314,0.5132948771488811,0.3991043528732638
2022-05-23,0.0978063201413669,0.5543532855000394,0.3478403913242924
2022-05-24,0.1074409225172487,0.5509284685236052,0.3416306095430972
2022-05-25,0.0860748399396508,0.5433897677777071,0.3705353968292232
2022-05-26,0.1088898486185606,0.5427335045497053,0.3483766432262127
2022-05-27,0.1079947197393089,0.5478322424569254,0.3441730344023899
2022-05-28,0.0982276679374079,0.5434725109750613,0.3582998201632119
2022-05-29,0.1064242099256492,0.5319241299094237,0.3616516610181133
2022-05-30,0.0706696264555514,0.5544409052052858,0.3748894685198934
2022-05-31,0.0842013419233025,0.5698261001134292,0.3459725570678999
2022-06-01,0.0962346178777337,0.5443649881111771,0.359400396024985
2022-06-02,0.0959192962463022,0.5512679760837057,0.3528127266171942
2022-06-03,0.0979800669912214,0.5576669397000725,0.3443529992473968
2022-06-04,0.0919676307523802,0.554335583731384,0.3536967859459607
2022-06-05,0.099614127881711,0.5413844346130617,0.3590014383233617
2022-06-06,0.0816135267456286,0.5708626802522621,0.3475237937091526
2022-06-07,0.1095830203554472,0.5553362420221039,0.3350807372897553
2022-06-08,0.0776341470989051,0.552447391126881,0.369918461914176
2022-06-09,0.0971181437069129,0.5525890846795662,0.3502927711713574
2022-06-10,0.0950948166685796,0.5353605187597624,0.3695446627992126
2022-06-11,0.1130027798130063,0.5340177713296731,0.3529794485472672
2022-06-12,0.1550457053902154,0.51228883951906,0.3326654548208156
2022-06-13,0.1524953389831063,0.5207441460731445,0.3267605150135744
2022-06-14,0.135339165576685,0.5389842548129327,0.3256765792173735
2022-06-15,0.1435710142400423,0.5307920859352505,0.3256369009927122
2022-06-16,0.152404999926408,0.5282250595561729,0.3193699391539717
2022-06-17,0.1222964066303233,0.5495668949709783,0.3281366995734787
2022-06-18,0.1775072136285902,0.4940041344200112,0.3284886555738964
2022-06-19,0.1539923905284406,0.5150917559167695,0.3309158560444345
2022-06-20,0.1398672292214166,0.52881111666121,0.3313216518557862
2022-06-21,0.0891564522770748,0.5617924649682488,0.3490510844040644
2022-06-22,0.1061226716839623,0.5595559296039566,0.3343214027826118
2022-06-23,0.0929572659424081,0.5618782785841995,0.3451644574477809
2022-06-24,0.0990822694834527,0.5677367888260197,0.3331809402872201
2022-06-25,0.1076105378610638,0.5478484302514693,0.3445410297377043
2022-06-26,0.1034534072047362,0.5896285338809887,0.306918058310609
2022-06-27,0.1120186534273833,0.5634414493475756,0.3245399018665396
2022-06-28,0.0816784738580208,0.5934460755546233,0.3248754480818736
2022-06-29,0.1201775306933456,0.541749339480062,0.3380731318062905
2022-06-30,0.1352145985105126,0.5282890157695853,0.3364963843692634
2022-07-01,0.1077589247250954,0.5599651106196496,0.3322759656114379
2022-07-02,0.1000717930390506,0.563063700111079,0.3368645049628383
2022-07-03,0.0929496247807543,0.5591457082819408,0.3479046679093687
2022-07-04,0.0917389443580389,0.5444786387328788,0.3637824132183833
2022-07-05,0.0914962123826955,0.5721952406542185,0.3363085441237854
2022-07-06,0.0691510447684154,0.5853097742940393,0.3455391786309866
2022-07-07,0.0903809700791195,0.5825654553062919,0.3270535741562778
2022-07-08,0.0971088564385952,0.5815526497103478,0.3213384950886565
2022-07-09,0.0977948727081691,0.5745218067016694,0.3276833187718391
2022-07-10,0.1272587596712479,0.5509969856899755,0.3217442569813993
2022-07-11,0.1206965844167999,0.5447681910788207,0.3345352244706169
2022-07-12,0.1206324717982515,0.567417679763135,0.3119498476007968
2022-07-13,0.0911140611501871,0.5713923106810553,0.3374936272889615
2022-07-14,0.095290863301866,0.5399891775037408,0.3647199600591762
2022-07-15,0.0769811506146803,0.5816907505507353,0.3413280997371489
2022-07-16,0.0848099786135128,0.5937462916951576,0.3214437266882704
2022-07-17,0.0847874743475509,0.5843823190090175,0.3308302075362034
2022-07-18,0.0675237001465108,0.5500151512377451,0.3824611477149509
2022-07-19,0.0823518996171435,0.5624788080198247,0.3551692907511574
2022-07-20,0.0989642029534302,0.5300163737283196,0.3710194215529784
2022-07-21,0.1043099652251213,0.5397685022976431,0.3559215348456246
2022-07-22,0.0883044968611481,0.5608753845732609,0.3508201213452644
2022-07-23,0.0926283600533278,0.5449181949251286,0.3624534398513663
2022-07-24,0.0789283648297624,0.5679784338686193,0.3530932001528521
2022-07-25,0.0958567627709055,0.570253134325514,0.3338901032812669
2022-07-26,0.0854636901113393,0.5796841077799431,0.3348522015216733
2022-07-27,0.0839264716740078,0.5365238580499141,0.3795496719735627
2022-07-28,0.0893442401582503,0.5376469006341454,0.373008861559043
2022-07-29,0.0950101349055587,0.5320567381093354,0.3729331265156755
2022-07-30,0.0982751075601347,0.5477788077724975,0.3539460825994709
2022-07-31,0.0901074779116682,0.5619884167270158,0.3479041049439511
2022-08-01,0.0746630347772312,0.579735496481424,0.3456014696854608
2022-08-02,0.0870029290603263,0.5793284172883649,0.3336686574590997
2022-08-03,0.0972225896074947,0.5569401197608927,0.3458372924225516
2022-08-04,0.0772620164417803,0.5511245090164435,0.3716134762538086
2022-08-05,0.077150650644685,0.5684849242331308,0.3543644243951074
2022-08-06,0.0860039591062542,0.5721739235282448,0.341822119178653
2022-08-07,0.054025321487478,0.6008550189818892,0.3451196623878877
2022-08-08,0.0668996177894674,0.5726854394616624,0.3604149432923422
2022-08-09,0.0871466690440601,0.5517925483198974,0.3610607799928477
2022-08-10,0.0751417168885895,0.5696857576542306,0.3551725263472678
2022-08-11,0.0440146324943864,0.5740610402547673,0.3819243256468217
2022-08-12,0.0710621436242118,0.5566620664970338,0.3722757909065444
2022-08-13,0.0588484334331947,0.5694079878460773,0.3717435802577058
2022-08-14,0.0887500481189551,0.561302061214917,0.3499478905716766
2022-08-15,0.087388722627952,0.5426805470824273,0.3699307326996919
2022-08-16,0.0822334183974892,0.5494613904723699,0.3683051930314925
2022-08-17,0.1047128468040476,0.5525526507149009,0.3427345023074418
2022-08-18,0.0890955405869759,0.558228729298962,0.3526757278230681
2022-08-19,0.1067147070569454,0.5554290352741976,0.3378562633945418
2022-08-20,0.0997537643591252,0.5447868899531486,0.3554593452390999
2022-08-21,0.0950466746430494,0.5322893795668895,0.3726639445196613
2022-08-22,0.1046564856949182,0.5749927190138815,0.3203507968189595
2022-08-23,0.0808474533675653,0.5683281055661129,0.3508244438925092
2022-08-24,0.07508342333121,0.5637596723327679,0.3611569047960429
2022-08-25,0.0590974281037926,0.5555794107030027,0.3853231643021579
2022-08-26,0.1039221887941963,0.5469320103222416,0.3491457977008513
2022-08-27,0.1288085356162959,0.5351143883253399,0.3360770748844581
2022-08-28,0.0936474262301559,0.5641480955362462,0.3422044757762463
2022-08-29,0.078968132165453,0.5747104620017657,0.3463214052731272
2022-08-30,0.0714804448192407,0.588664523859263,0.339855031978207
2022-08-31,0.0616479747986295,0.5745477415239496,0.363804284527112
2022-09-01,0.0834489516899397,0.5746384667338126,0.3419125814621322
2022-09-02,0.0731032228354787,0.5811374585664423,0.3457593169405017
2022-09-03,0.0822892542254858,0.5539413373611858,0.3637694054056106
2022-09-04,0.0879134109511854,0.5734656019890472,0.3386209859295319
2022-09-05,0.087642161538068,0.5573921851366523,0.354965651940177
2022-09-06,0.1039154742204668,0.534364810276455,0.3617197101863556
2022-09-07,0.0845450585469557,0.5539771183784382,0.3614778227798376
2022-09-08,0.0894076661807722,0.5764378044312573,0.334154532562787
2022-09-09,0.1047264011552118,0.5397782920971811,0.3554953043206125
2022-09-10,0.0836173087133579,0.5660833905031508,0.3502993036832092
2022-09-11,0.0891502046734458,0.5605640117048452,0.3502857825833764
2022-09-12,0.0751279938559427,0.5564072997906253,0.368464707156178
2022-09-13,0.1194447078381774,0.5512920129653668,0.3292632782801808
2022-09-14,0.0992169514137925,0.5611413808508768,0.339641667663601
2022-09-15,0.0841572218943345,0.5552618517559512,0.360580924207561
2022-09-16,0.117322629382676,0.5494550629962561,0.3332223042245393
2022-09-17,0.0929374769106759,0.5868115454765795,0.3202509780660032
2022-09-18,0.110719239066346,0.5737033477858606,0.3155774140851772
2022-09-19,0.1197734830698858,0.542687556824707,0.3375389587499828
2022-09-20,0.0982180359207836,0.5613624583646571,0.3404195042588653
2022-09-21,0.0938764050443972,0.5714730103724758,0.3346505879224759
2022-09-22,0.0919282948023535,0.5623856696321327,0.3456860380657323
2022-09-23,0.1169239963383909,0.5635505908517459,0.3195254107342089
2022-09-24,0.0948545543396084,0.5558299077750856,0.3493155407908587
2022-09-25,0.1046061425173503,0.5857409863157116,0.3096528712906103
2022-09-26,0.0703541541217627,0.5592090215221135,0.3704368254732064
2022-09-27,0.1044724694011669,0.5659897334496423,0.3295377973113455
2022-09-28,0.0769996492104133,0.5647743403876451,0.3582260131764755
2022-09-29,0.0760661236990625,0.549875108825418,0.3740587660492969
2022-09-30,0.0821471917936252,0.5815203996664775,0.3363324097795427
2022-10-01,0.1024128080407785,0.5751930963956088,0.3223940945177421
2022-10-02,0.1012920044600003,0.5560563323935815,0.3426516645197421
2022-10-03,0.0751662113909389,0.5561649535744763,0.3686688322940263
2022-10-04,0.0969500940264167,0.5485122624833277,0.3545376388787544
2022-10-05,0.0850876882634225,0.5760327510785895,0.3388795626056876
2022-10-06,0.0914028566768502,0.5448247468214333,0.3637723960595755
2022-10-07,0.0862141991125664,0.5572310543641849,0.3565547479843847
2022-10-08,0.1287300373519524,0.5466593797944584,0.3246105808849418
2022-10-09,0.0892246499984908,0.5889175175324365,0.3218578350722158
2022-10-10,0.0911108381615034,0.5687854236105346,0.3401037407550891
2022-10-11,0.120827615738633,0.5293716373344565,0.349800747074036
2022-10-12,0.0823953482753806,0.5502643303803227,0.3673403184003096
2022-10-13,0.0819454884157811,0.5645569945625736,0.3534975146162947
2022-10-14,0.0929386214695311,0.5554840238000031,0.351577356752506
2022-10-15,0.0961333365513765,0.5667722340322173,0.3370944288530756
2022-10-16,0.0771565834279006,0.5432971310161235,0.3795462884554875
2022-10-17,0.0570751020123151,0.5636852614433294,0.3792396403459332
2022-10-18,0.0711686804858854,0.5821555161731249,0.3466757994797504
2022-10-19,0.0960384477677747,0.5698134654444678,0.3341480881930063
2022-10-20,0.0688561993360081,0.5619646365078147,0.3691791615842767
2022-10-21,0.0916265288763149,0.5740895986168578,0.334283869617993
2022-10-22,0.0966498052317457,0.548514890303809,0.3548353057981677
2022-10-23,0.082807130406941,0.5648146160675654,0.3523782552254109
2022-10-24,0.090160609508414,0.5627300643067781,0.3471093254158533
2022-10-25,0.0656349964227843,0.56614874604896,0.3682162574317109
2022-10-26,0.0785541305041388,0.5631378514928428,0.3583080164807777
2022-10-27,0.0817362932148747,0.5708955239403292,0.3473681831077183
2022-10-28,0.0702290509893761,0.5657429358172332,0.3640280146163969
2022-10-29,0.0779849994619908,0.5761620206976503,0.3458529805196481
2022-10-30,0.077293358533736,0.5669415091398449,0.3557651288776425
2022-10-31,0.1034517896532652,0.5244442211896038,0.3721039909984514
2022-11-01,0.0997535786466093,0.5559745982002265,0.3442718236625359
2022-11-02,0.0988067187825925,0.5402944680661083,0.3608988148351846
2022-11-03,0.0878972604541915,0.5337813604533788,0.3783213788405817
2022-11-04,0.0808985065039286,0.5233839318252895,0.3957175620963522
2022-11-05,0.0951262256506793,0.5161237770916439,0.3887499956268226
2022-11-06,0.0848497887780099,0.5355719333178178,0.3795782760950925
2022-11-07,0.0983988106563782,0.5430564484191185,0.3585447361405985
2022-11-08,0.1428633664462186,0.5067942325433531,0.3503423998728654
2022-11-09,0.1452581047383871,0.5068940522515506,0.3478478414422553
2022-11-10,0.1304919817302328,0.4976199421586995,0.3718880769839628
2022-11-11,0.1113368035537357,0.5247403210184887,0.3639228724124707
2022-11-12,0.1507279624635268,0.4750602828439862,0.3742117514615184
2022-11-13,0.1208135470711925,0.5126291238279763,0.3665573280608501
2022-11-14,0.1310734183072427,0.4873372003997439,0.3815893813216743
2022-11-15,0.1035519085608217,0.5264811488314796,0.3699669447432239
2022-11-16,0.1391761627171272,0.5052661084906498,0.3555577287648581
2022-11-17,0.1243786888924607,0.51555749500388,0.3600638164551442
2022-11-18,0.1133017228650103,0.5382611889750417,0.3484370863541159
2022-11-19,0.1230521979819644,0.5327088337942603,0.3442389671136825
2022-11-20,0.1209576839633144,0.5414564052163676,0.3375859094294005
2022-11-21,0.1328391892180115,0.5240602035070241,0.3431006045720025
2022-11-22,0.1162219723796311,0.5209950769599332,0.362782950710221
2022-11-23,0.0973073974852409,0.5453123491173998,0.3573802526527671
2022-11-24,0.0966041399198182,0.5399297942259548,0.3634660654084807
2022-11-25,0.1170243214752862,0.5198662190229095,0.3631094598136213
2022-11-26,0.0863864352895727,0.5412091019842635,0.3724044587058503
2022-11-27,0.0821286072974077,0.5495925554979638,0.3682788400974253
2022-11-28,0.1180789244578853,0.5419990571813457,0.3399220151173707
2022-11-29,0.0530184619504916,0.585946717909287,0.3610348211683233
2022-11-30,0.0866765496158913,0.5351460656583602,0.3781773864669733
2022-12-01,0.086711336936862,0.5411056294616036,0.3721830313083946
2022-12-02,0.0691221443362576,0.5733642882493988,0.3575135652719048
2022-12-03,0.1012326331611156,0.5610048575766257,0.3377625082104482
2022-12-04,0.0847758109111341,0.5714073330856159,0.3438168550035099
2022-12-05,0.1080372097600604,0.5488017123089933,0.3431610762250356
2022-12-06,0.0871450775416994,0.5455892196087729,0.3672657051634999
2022-12-07,0.1023465228626647,0.5326730841166567,0.3649803917258873
2022-12-08,0.1152289120661693,0.5305266876577637,0.3542444008884747
2022-12-09,0.0923850235626459,0.572554583812031,0.3350603913663803
2022-12-10,0.100158562710261,0.5274199858022967,0.3724214516908528
2022-12-11,0.0860149490235548,0.5395410168403857,0.3744440334869497
2022-12-12,0.0966105633197512,0.5386688725402763,0.364720562548147
2022-12-13,0.0871708681616614,0.54061969993233,0.3722094278225302
2022-12-14,0.0678064330699306,0.5783708854901716,0.3538226817942267
2022-12-15,0.0902035421546583,0.5707728371148005,0.3390236217759431
2022-12-16,0.1083290356834985,0.5673152670214147,0.3243556971224298
2022-12-17,0.1020430977144187,0.5739717138510199,0.3239851870514911
2022-12-18,0.099824068501934,0.5557463290788242,0.3444295988784254
2022-12-19,0.0919155715001662,0.5979104565492609,0.3101739697765997
2022-12-20,0.0844988954596633,0.5669096415647096,0.3485914602156439
2022-12-21,0.0857135200477465,0.5527364231066212,0.3615500544216063
2022-12-22,0.1110289077052817,0.5453751597411411,0.3435959332941512
2022-12-23,0.070048806167247,0.5632051900426768,0.3667460003891605
2022-12-24,0.1118470536069159,0.5343003816417794,0.3538525632333471
2022-12-25,0.0805119589096553,0.55613344872295,0.3633545922394061
2022-12-26,0.0959324089161287,0.5832765222519861,0.3207910673612703
2022-12-27,0.0634516372499405,0.5499421010437321,0.3866062582494037
2022-12-28,0.0584762033298787,0.5989068752076614,0.3426169228174886
2022-12-29,0.0800847518396945,0.5555412492449104,0.3643740010304161
2022-12-30,0.1006447266057572,0.5391839910869195,0.3601712844339104
2022-12-31,0.0703270879887568,0.5786793725997267,0.3509935395215512
2023-01-01,0.0795574244519213,0.5741838840238279,0.3462586903567535
2023-01-02,0.0641644466694774,0.5863385469702602,0.3494970058796054
2023-01-03,0.0865742766485741,0.5330780907611085,0.3803476330027934
2023-01-04,0.0650917347537394,0.5805913812569646,0.3543168859023911
2023-01-05,0.090664656450344,0.5878873166787885,0.3214480234730454
2023-01-06,0.0673134474593897,0.5759291420325475,0.3567574077431046
2023-01-07,0.106523105813952,0.539328532216045,0.3541483634682207
2023-01-08,0.088889914708502,0.5553842166598479,0.3557258685996847
2023-01-09,0.1026078159648522,0.5851256275167441,0.3122665596858954
2023-01-10,0.0890447663211406,0.552252097514187,0.3587031389159978
2023-01-11,0.1038613251244043,0.5336380844698821,0.3625005879072774
2023-01-12,0.0964086119305518,0.5318943390450837,0.3716970457105776
2023-01-13,0.1023479494696053,0.5178101424324412,0.3798419083390778
2023-01-14,0.1090933826476826,0.4954209358704027,0.3954856815762067
2023-01-15,0.1259062066655729,0.5190916757476068,0.3550021173990112
2023-01-16,0.1184942777568808,0.5278813671439858,0.3536243547097595
2023-01-17,0.1028876130490632,0.5374667265567793,0.3596456581639371
2023-01-18,0.0918419777945999,0.5393147422135903,0.3688432776473757
2023-01-19,0.1097459531044515,0.537296911458988,0.3529571384674188
2023-01-20,0.0921763218121089,0.523991608149359,0.3838320680865385
2023-01-21,0.1132508646819804,0.511001526879293,0.3757476081205888
2023-01-22,0.1050695587621475,0.5171716183541387,0.3777588241363079
2023-01-23,0.0723794571439188,0.5888012466909164,0.338819299972476
2023-01-24,0.0936173189883902,0.5456596497778962,0.3607230318021588
2023-01-25,0.0963439935408592,0.5180322794988799,0.3856237242672582
2023-01-26,0.1054997170146986,0.5233191103581238,0.3711811713292463
2023-01-27,0.0871616370107094,0.5658782846870863,0.3469600809997982
2023-01-28,0.0666677573841007,0.5628485735333659,0.3704836691780793
2023-01-29,0.0695797225652825,0.5602174294066139,0.3702028495661342
2023-01-30,0.0866658731603549,0.5562138079809599,0.3571203196731489
2023-01-31,0.0801537788176104,0.5760922393780448,0.3437539819405835
2023-02-01,0.0729564323441626,0.5682284055946709,0.3588151578981
2023-02-02,0.0779669590004993,0.5637336386887023,0.3582993983534659
2023-02-03,0.0767824293311621,0.5599454208252613,0.3632721497858159
2023-02-04,0.0688432190682017,0.5488552584896755,0.3823015206667481
2023-02-05,0.0878302639391272,0.5718813206033129,0.340288415901224
2023-02-06,0.0872758958206935,0.5579908215291496,0.3547332844992689
2023-02-07,0.0720587047846291,0.5115568491682986,0.4163844521130935
2023-02-08,0.0796585503970266,0.5674592675292751,0.3528821775626635
2023-02-09,0.0900337075093214,0.5166356899577077,0.3933306029360013
2023-02-10,0.1084503676520458,0.5486469199401453,0.3429027123670934
2023-02-11,0.0947066555454382,0.5360854899280604,0.369207860528217
2023-02-12,0.1050554883630922,0.5340885975708051,0.3608559130354395
2023-02-13,0.0966479480596281,0.5487359980683058,0.3546160530946323
2023-02-14,0.1154272367678273,0.5322826127156134,0.3522901534291118
2023-02-15,0.0943434453002473,0.5215141997625247,0.3841423528730786
2023-02-16,0.1185527792904019,0.5109118411221836,0.3705353809583078
2023-02-17,0.1053498830091261,0.5305972734532695,0.3640528436860301
2023-02-18,0.0906125194824248,0.5485892820355779,0.3607981969188334
2023-02-19,0.0716598417524029,0.5572591708248842,0.3710809862343442
2023-02-20,0.0735174145747352,0.5737100724027623,0.3527725147436079
2023-02-21,0.0950558765021945,0.5604893845512495,0.3444547371647505
2023-02-22,0.0876148521826554,0.571165102065733,0.3412200472432987
2023-02-23,0.1250423378769068,0.513714514220364,0.361243150645026
2023-02-24,0.0981159733525444,0.5559877490077799,0.3458962776515984
2023-02-25,0.118080694727658,0.5500996137388995,0.3318196927987742
2023-02-26,0.1128346525011703,0.5157618495173762,0.3714034959889465
2023-02-27,0.0907332810674733,0.5636744683707389,0.3455922517239901
2023-02-28,0.088557996793331,0.568310380641302,0.3431316242136419
2023-03-01,0.0738261437531324,0.5704360932961278,0.3557377628669873
2023-03-02,0.0974894941135444,0.5454216155975277,0.3570888949574289
2023-03-03,0.11980418653712,0.5317854252411277,0.3484103838410176
2023-03-04,0.1157580286440732,0.5103306918588089,0.3739112808639889
2023-03-05,0.1053408475521052,0.5414158997468684,0.3532432549091227
2023-03-06,0.1128456425895143,0.5111050371144522,0.376049321693952
2023-03-07,0.1230461569445572,0.5222881068808128,0.3546657382954027
2023-03-08,0.0884526228080833,0.5180174850397632,0.3935298900284019
2023-03-09,0.1238530510163035,0.5341612002657394,0.3419857480306412
2023-03-10,0.1220029930227876,0.4968040364605472,0.3811929691650431
2023-03-11,0.1184172850404064,0.4831413656041283,0.3984413466279928
2023-03-12,0.1370505934185553,0.4795574482985709,0.3833919608661386
2023-03-13,0.1268232026060303,0.4964146645368738,0.3767621309160431
2023-03-14,0.1017711798370295,0.5031141405413873,0.3951146758788859
2023-03-15,0.1230264897355013,0.5337446936494215,0.3432288129085977
2023-03-16,35.91070556640625,234.90260314941406,164.1866912841797
2023-03-17,45.01143264770508,226.3517303466797,178.6368408203125
2023-03-18,35.26988220214844,233.47718811035156,178.2529296875
2023-03-19,37.5260124206543,229.8816375732422,172.59234619140625
2023-03-20,36.14463806152344,223.38990783691406,190.4654541015625
2023-03-21,40.42678451538086,241.83355712890625,167.7396697998047
2023-03-22,50.995887756347656,225.1864471435547,173.8176727294922
2023-03-23,42.394020080566406,225.72532653808594,177.88064575195312
2023-03-24,36.455867767333984,228.99281311035156,175.5513153076172
2023-03-25,39.33711242675781,214.7460479736328,149.91683959960938
2023-03-26,32.43730926513672,190.92178344726562,127.64091491699219
2023-03-27,45.144859313964844,198.25927734375,163.5958709716797
2023-03-28,48.1325569152832,249.37112426757812,144.49632263183594
2023-03-29,34.35814666748047,235.14772033691406,167.494140625
2023-03-30,29.761266708374023,163.65020751953125,117.5885238647461
2023-03-31,50.24802017211914,227.5504150390625,150.20155334472656
2023-04-01,44.08564376831055,208.31703186035156,147.59732055664062
2023-04-02,34.82040023803711,207.98880004882812,146.1907958984375
2023-04-03,49.32233810424805,233.7372589111328,151.94039916992188
2023-04-04,32.08430480957031,226.23611450195312,141.67958068847656
2023-04-05,35.32630157470703,239.22943115234375,161.44427490234375
2023-04-06,48.12638473510742,226.16925048828125,164.70436096191406
2023-04-07,34.727787017822266,236.4254913330078,153.84671020507812
2023-04-08,32.51803970336914,218.5472869873047,155.93467712402344
